{
  "version": "1.1.0",
  "diagrams": [
    {
      "ordinal": 0,
      "scrollPosition": {
        "x": 0,
        "y": 0
      },
      "nodes": [
        {
          "location": {
            "x": 266.74644785867105,
            "y": 107.16039498625753
          },
          "nodeIndex": "d_impl_cat_cost",
          "nodeLineageTag": "2ae39ab7-eb50-43ba-9f72-063ac9a57953",
          "size": {
            "height": 152,
            "width": 234
          },
          "zIndex": 1
        },
        {
          "location": {
            "x": 619.36514349293066,
            "y": 420.64461157661947
          },
          "nodeIndex": "f_capex_imp_cost_data",
          "nodeLineageTag": "3f0f7429-95ef-48b6-81a1-d3e5bb9f8fa3",
          "size": {
            "height": 476.1666434048617,
            "width": 287.55465959507796
          },
          "zIndex": 4
        },
        {
          "location": {
            "x": 916.89934710358671,
            "y": 18.194520240253397
          },
          "nodeIndex": "d_gl_project",
          "nodeLineageTag": "a9299668-eef6-4489-8791-58ebfdfc51fd",
          "size": {
            "height": 300,
            "width": 234
          },
          "zIndex": 2
        },
        {
          "location": {
            "x": 956.70222960073806,
            "y": 398.16119572674882
          },
          "nodeIndex": "d_time_mon",
          "nodeLineageTag": "79bba16a-fce2-4752-8295-a6270aac9219",
          "size": {
            "height": 272,
            "width": 234
          },
          "zIndex": 3
        }
      ],
      "name": "Wszystkie tabele",
      "zoomValue": 70.95554390096892,
      "pinKeyFieldsToTop": false,
      "showExtraHeaderInfo": false,
      "hideKeyFieldsWhenCollapsed": false,
      "tablesLocked": false
    }
  ],
  "selectedDiagram": "Wszystkie tabele",
  "defaultDiagram": "Wszystkie tabele"
}